Approval Date;Drug Name;;Submission;Active Ingredients;Company;Submission Classification *;Submission Status
11/01/2017;DELESTROGENNDA   ;9402;SUPPL-52;ESTRADIOL VALERATE;PAR STERILE PRODUCTS;Labeling;Approval
11/01/2017;PREMARINNDA   ;10402;SUPPL-68;ESTROGENS, CONJUGATED;WYETH PHARMS INC;Labeling;Approval
11/01/2017;ESTRADERMNDA   ;19081;SUPPL-43;ESTRADIOL;NOVARTIS;Labeling;Approval
11/01/2017;PREMARINNDA   ;20216;SUPPL-83;ESTROGENS, CONJUGATED;WYETH PHARMS INC;Labeling;Approval
11/01/2017;VIVELLENDA   ;20323;SUPPL-36;ESTRADIOL;NOVARTIS;Labeling;Approval
11/01/2017;CLIMARANDA   ;20375;SUPPL-34;ESTRADIOL;BAYER HLTHCARE;Labeling;Approval
11/01/2017;CLIMARANDA   ;20375;SUPPL-35;ESTRADIOL;BAYER HLTHCARE;Labeling;Approval
11/01/2017;MENOSTARNDA   ;20375;SUPPL-34;ESTRADIOL;BAYER HLTHCARE;Labeling;Approval
11/01/2017;MENOSTARNDA   ;20375;SUPPL-35;ESTRADIOL;BAYER HLTHCARE;Labeling;Approval
11/01/2017;ESTRINGNDA   ;20472;SUPPL-16;ESTRADIOL;PHARMACIA AND UPJOHN;Labeling;Approval
11/01/2017;CASODEXNDA   ;20498;SUPPL-28;BICALUTAMIDE;ASTRAZENECA PHARMS;Labeling;Approval
11/01/2017;PREMPHASE 14/14NDA   ;20527;SUPPL-65;"ESTROGENS, CONJUGATED; MEDROXYPROGESTERONE ACETATE";WYETH PHARMS INC;Labeling;Approval
11/01/2017;PREMPRONDA   ;20527;SUPPL-65;"ESTROGENS, CONJUGATED; MEDROXYPROGESTERONE ACETATE";WYETH PHARMS INC;Labeling;Approval
11/01/2017;ESTRADIOLNDA   ;20538;SUPPL-35;ESTRADIOL;NOVARTIS;Labeling;Approval
11/01/2017;VIVELLE-DOTNDA   ;20538;SUPPL-35;ESTRADIOL;NOVARTIS;Labeling;Approval
11/01/2017;ALORANDA   ;20655;SUPPL-20;ESTRADIOL;ALLERGAN SALES LLC;Labeling;Approval
11/01/2017;COMBIPATCHNDA   ;20870;SUPPL-23;"ESTRADIOL; NORETHINDRONE ACETATE";NOVEN PHARMS INC;Labeling;Approval
11/01/2017;ACTIVELLANDA   ;20907;SUPPL-19;"ESTRADIOL; NORETHINDRONE ACETATE";AMNEAL PHARMS LLC;Labeling;Approval
11/01/2017;VAGIFEMNDA   ;20908;SUPPL-25;ESTRADIOL;NOVO NORDISK INC;Labeling;Approval
11/01/2017;CENESTINNDA   ;20992;SUPPL-37;ESTROGENS, CONJUGATED SYNTHETIC A;TEVA BRANDED PHARM;Labeling;Approval
11/01/2017;PREFESTNDA   ;21040;SUPPL-13;"ESTRADIOL; NORGESTIMATE";TEVA WOMENS;Labeling;Approval
11/01/2017;FEMHRTNDA   ;21065;SUPPL-24;"ETHINYL ESTRADIOL; NORETHINDRONE ACETATE";APIL;Labeling;Approval
11/01/2017;ATROPINE SULFATE ANSYR PLASTIC SYRINGENDA   ;21146;SUPPL-19;ATROPINE SULFATE;HOSPIRA;Labeling;Approval
11/01/2017;ATROPINE SULFATE LIFESHIELD ABBOJECT SYRINGENDA   ;21146;SUPPL-19;ATROPINE SULFATE;HOSPIRA;Labeling;Approval
11/01/2017;ESTROGELNDA   ;21166;SUPPL-15;ESTRADIOL;ASCEND THERAPS US;Labeling;Approval
11/01/2017;CLIMARA PRONDA   ;21258;SUPPL-11;"ESTRADIOL; LEVONORGESTREL";BAYER HLTHCARE;Labeling;Approval
11/01/2017;ANGELIQNDA   ;21355;SUPPL-8;"DROSPIRENONE; ESTRADIOL";BAYER HLTHCARE;Labeling;Approval
11/01/2017;FEMRINGNDA   ;21367;SUPPL-16;ESTRADIOL ACETATE;APIL;Labeling;Approval
11/01/2017;ESTRASORBNDA   ;21371;SUPPL-8;ESTRADIOL HEMIHYDRATE;EXELTIS USA INC;Labeling;Approval
11/01/2017;ENJUVIANDA   ;21443;SUPPL-10;ESTROGENS, CONJUGATED SYNTHETIC B;TEVA BRANDED PHARM;Labeling;Approval
11/01/2017;FEMTRACENDA   ;21633;SUPPL-6;ESTRADIOL ACETATE;APIL;Labeling;Approval
11/01/2017;ELESTRINNDA   ;21813;SUPPL-6;ESTRADIOL;MYLAN SPECIALITY LP;Labeling;Approval
11/01/2017;EVAMISTNDA   ;22014;SUPPL-13;ESTRADIOL;PERRIGO PHARMA INTL;Labeling;Approval
11/01/2017;DIVIGELNDA   ;22038;SUPPL-3;ESTRADIOL;VERTICAL PHARMS LLC;Labeling;Approval
11/01/2017;DUAVEENDA   ;22247;SUPPL-4;"BAZEDOXIFENE ACETATE; ESTROGENS, CONJUGATED";WYETH PHARMS PFIZER;Labeling;Approval
11/01/2017;JALYNNDA   ;22460;SUPPL-7;"DUTASTERIDE; TAMSULOSIN HYDROCHLORIDE";GLAXOSMITHKLINE;Labeling;Approval
11/01/2017;JALYNNDA   ;22460;SUPPL-8;"DUTASTERIDE; TAMSULOSIN HYDROCHLORIDE";GLAXOSMITHKLINE;Labeling;Approval
11/01/2017;MINIVELLENDA   ;203752;SUPPL-9;ESTRADIOL;NOVEN;Labeling;Approval
11/01/2017;ZINBRYTABLA   ;761029;SUPPL-5;DACLIZUMAB;BIOGEN;;Approval
11/02/2017;MESALAMINEANDA  ;203817;ORIG-1;MESALAMINE;ACTAVIS LABS FL INC;;Tentative Approval
11/02/2017;PARICALCITOLANDA  ;203897;ORIG-1;PARICALCITOL;MYLAN LABS LTD;;Approval
11/02/2017;ADENOSINEANDA  ;205331;ORIG-1;ADENOSINE;AUROBINDO PHARMA LTD;;Approval
11/02/2017;DICLOFENAC SODIUMANDA  ;207238;ORIG-1;DICLOFENAC SODIUM;ACTAVIS LABS UT INC;;Tentative Approval
11/02/2017;AMLODIPINE AND OLMESARTAN MEDOXOMILANDA  ;207435;ORIG-1;"AMLODIPINE BESYLATE; OLMESARTAN MEDOXOMIL";MICRO LABS;;Approval
11/02/2017;Vyzulta (latanoprostene bunod ophthalmic solution), 0.024%NDA   ;207795;ORIG-1;LATANOPROSTENE BUNOD;BAUSCH AND LOMB INC;Type 1 - New Molecular Entity;Approval
11/02/2017;OCREVUSBLA   ;761053;SUPPL-8;OCRELIZUMAB;GENENTECH INC;;Approval
11/03/2017;MAXIDEXNDA   ;13422;SUPPL-45;DEXAMETHASONE;NOVARTIS PHARMS CORP;Labeling;Approval
11/03/2017;VIMPATNDA   ;22253;SUPPL-39;LACOSAMIDE;UCB INC;Efficacy;Approval
11/03/2017;VIMPATNDA   ;22254;SUPPL-30;LACOSAMIDE;UCB INC;Efficacy;Approval
11/03/2017;VIMPATNDA   ;22255;SUPPL-22;LACOSAMIDE;UCB INC;Efficacy;Approval
11/03/2017;KETOCONAZOLEANDA  ;75362;SUPPL-12;KETOCONAZOLE;PLIVA;Labeling;Approval
11/03/2017;ESTRADIOL AND NORGESTIMATEANDA  ;76812;SUPPL-14;"ESTRADIOL; NORGESTIMATE";BARR;Labeling;Approval
11/03/2017;ESTRONEANDA  ;85239;SUPPL-61;ESTRONE;WATSON LABS TEVA;Labeling;Approval
11/03/2017;DOXORUBICIN HYDROCHLORIDE (LIPOSOMAL)ANDA  ;203263;SUPPL-14;DOXORUBICIN HYDROCHLORIDE;SUN PHARMA GLOBAL;Labeling;Approval
11/03/2017;BUPROPION HYDROCHLORIDEANDA  ;205794;SUPPL-3;BUPROPION HYDROCHLORIDE;SCIEGEN PHARMS INC;Labeling;Approval
11/03/2017;DOXORUBICIN HYDROCHLORIDE (LIPOSOMAL)ANDA  ;208657;SUPPL-1;DOXORUBICIN HYDROCHLORIDE;DR REDDYS LABS LTD;Labeling;Approval
11/03/2017;BUPROPION HYDROCHLORIDEANDA  ;210081;ORIG-1;BUPROPION HYDROCHLORIDE;TWI PHARMS INC;;Approval
11/06/2017;DAYTRANANDA   ;21514;SUPPL-28;METHYLPHENIDATE;NOVEN PHARMS INC;Labeling;Approval
11/06/2017;GONAL-F RFF REDI-JECTNDA   ;21684;SUPPL-38;FOLLITROPIN ALFA/BETA;EMD SERONO;Manufacturing (CMC);Approval
11/06/2017;AZELASTINE HYDROCHLORIDEANDA  ;90176;SUPPL-1;AZELASTINE HYDROCHLORIDE;BRECKENRIDGE PHARM;Manufacturing (CMC);Approval
11/06/2017;GILOTRIFNDA   ;201292;SUPPL-12;AFATINIB DIMALEATE;BOEHRINGER INGELHEIM;Labeling;Approval
11/06/2017;ZELBORAFNDA   ;202429;SUPPL-16;VEMURAFENIB;HOFFMANN LA ROCHE;Efficacy;Approval
11/06/2017;LOSARTAN POTASSIUM AND HYDROCHLOROTHIAZIDEANDA  ;204901;ORIG-1;"HYDROCHLOROTHIAZIDE; LOSARTAN POTASSIUM";PRINSTON INC;;Approval
11/06/2017;BORTEZOMIBNDA   ;205004;ORIG-1;BORTEZOMIB;FRESENIUS KABI USA;Type 5 - New Formulation or New Manufacturer;Approval
11/06/2017;CLOFARABINEANDA  ;205375;ORIG-1;CLOFARABINE;DR REDDYS LABS LTD;;Approval
11/06/2017;EPTIFIBATIDEANDA  ;205557;ORIG-1;EPTIFIBATIDE;ACCORD HLTHCARE;;Approval
11/06/2017;AURYXIANDA   ;205874;SUPPL-13;FERRIC CITRATE;KERYX BIOPHARMS;Efficacy;Approval
11/06/2017;XTAMPZA ERNDA   ;208090;SUPPL-4;OXYCODONE;COLLEGIUM PHARM INC;Efficacy;Approval
11/06/2017;ALECENSANDA   ;208434;SUPPL-3;ALECTINIB HYDROCHLORIDE;HOFFMANN-LA ROCHE;Efficacy;Approval
11/06/2017;CLOFARABINEANDA  ;208857;ORIG-1;CLOFARABINE;AMNEAL PHARMS CO;;Approval
11/06/2017;CLOFARABINEANDA  ;208860;ORIG-1;CLOFARABINE;MYLAN LABS LTD;;Approval
11/06/2017;TELMISARTAN AND HYDROCHLOROTHIAZIDEANDA  ;209028;ORIG-1;"HYDROCHLOROTHIAZIDE; TELMISARTAN";PRINSTON INC;;Approval
11/07/2017;PREMARINNDA   ;4782;SUPPL-176;ESTROGENS, CONJUGATED;WYETH PHARMS INC;Labeling;Approval
11/07/2017;KETAMINE HYDROCHLORIDEANDA  ;74549;SUPPL-18;KETAMINE HYDROCHLORIDE;HOSPIRA;Labeling;Approval
11/07/2017;CLOZAPINEANDA  ;75713;SUPPL-15;CLOZAPINE;SUN PHARM INDS INC;Labeling;Approval
11/07/2017;HYDROMORPHONE HYDROCHLORIDEANDA  ;202144;SUPPL-14;HYDROMORPHONE HYDROCHLORIDE;ACTAVIS LABS FL INC;Labeling;Approval
11/07/2017;SODIUM NITROPRUSSIDEANDA  ;209493;ORIG-1;SODIUM NITROPRUSSIDE;AMNEAL PHARMS CO;;Approval
11/08/2017;ANCOBONNDA   ;17001;SUPPL-32;FLUCYTOSINE;VALEANT;Labeling;Approval
11/08/2017;TAMBOCORNDA   ;18830;SUPPL-24;FLECAINIDE ACETATE;CNTY LINE PHARMS;Manufacturing (CMC);Approval
11/08/2017;VIBERZINDA   ;206940;SUPPL-5;ELUXADOLINE;ALLERGAN HOLDINGS;Labeling;Approval
11/08/2017;IBUPROFENANDA  ;208865;ORIG-1;IBUPROFEN;AUROBINDO PHARMA LTD;;Approval
11/08/2017;PREVYMISNDA   ;209939;ORIG-1;LETERMOVIR;MERCK SHARP DOHME;Type 1 - New Molecular Entity;Approval
11/08/2017;PREVYMISNDA   ;209940;ORIG-1;LETERMOVIR;MERCK SHARP DOHME;Type 1 - New Molecular Entity;Approval
11/09/2017;M.V.I.-12NDA   ;8809;SUPPL-73;"ASCORBIC ACID; BIOTIN; CYANOCOBALAMIN; DEXPANTHENOL; ERGOCALCIFEROL; FOLIC ACID; NIACINAMIDE; PYRIDOXINE HYDROCHLORIDE; RIBOFLAVIN 5'-PHOSPHATE SODIUM; THIAMINE HYDROCHLORIDE; VITAMIN A; VITAMIN E";HOSPIRA;Labeling;Approval
11/09/2017;M.V.I.-12NDA   ;8809;SUPPL-73;"ASCORBIC ACID; BIOTIN; CYANOCOBALAMIN; DEXPANTHENOL; ERGOCALCIFEROL; FOLIC ACID; NIACINAMIDE; PYRIDOXINE HYDROCHLORIDE; RIBOFLAVIN; THIAMINE HYDROCHLORIDE; VITAMIN A; VITAMIN E";HOSPIRA;Labeling;Approval
11/09/2017;M.V.I.-12 (WITHOUT VITAMIN K)NDA   ;8809;SUPPL-73;"ASCORBIC ACID; BIOTIN; CYANOCOBALAMIN; DEXPANTHENOL; ERGOCALCIFEROL; FOLIC ACID; NIACINAMIDE; PYRIDOXINE HYDROCHLORIDE; RIBOFLAVIN 5'-PHOSPHATE SODIUM; THIAMINE HYDROCHLORIDE; VITAMIN A; VITAMIN E";HOSPIRA;Labeling;Approval
11/09/2017;M.V.I. PEDIATRICNDA   ;18920;SUPPL-36;"ASCORBIC ACID; BIOTIN; CYANOCOBALAMIN; DEXPANTHENOL; ERGOCALCIFEROL; FOLIC ACID; NIACINAMIDE; PHYTONADIONE; PYRIDOXINE HYDROCHLORIDE; RIBOFLAVIN 5'-PHOSPHATE SODIUM; THIAMINE HYDROCHLORIDE; VITAMIN A; VITAMIN E";HOSPIRA;Labeling;Approval
11/09/2017;OMNIPAQUE 240NDA   ;20608;SUPPL-38;IOHEXOL;GE HEALTHCARE;Labeling;Approval
11/09/2017;OMNIPAQUE 300NDA   ;20608;SUPPL-38;IOHEXOL;GE HEALTHCARE;Labeling;Approval
11/09/2017;OMNIPAQUE 350NDA   ;20608;SUPPL-38;IOHEXOL;GE HEALTHCARE;Labeling;Approval
11/09/2017;M.V.I. ADULTNDA   ;21625;SUPPL-23;"ASCORBIC ACID; BIOTIN; CYANOCOBALAMIN; DEXPANTHENOL; ERGOCALCIFEROL; FOLIC ACID; NIACINAMIDE; PYRIDOXINE HYDROCHLORIDE; RIBOFLAVIN 5'-PHOSPHATE SODIUM; THIAMINE HYDROCHLORIDE; VITAMIN A; VITAMIN E; VITAMIN K";HOSPIRA;Labeling;Approval
11/09/2017;M.V.I. ADULT (PHARMACY BULK PACKAGE)NDA   ;21643;SUPPL-19;"ASCORBIC ACID; BIOTIN; CYANOCOBALAMIN; DEXPANTHENOL; ERGOCALCIFEROL; FOLIC ACID; NIACINAMIDE; PYRIDOXINE HYDROCHLORIDE; RIBOFLAVIN 5'-PHOSPHATE SODIUM; THIAMINE HYDROCHLORIDE; VITAMIN A; VITAMIN E; VITAMIN K";HOSPIRA;Labeling;Approval
11/09/2017;SPRYCELNDA   ;21986;SUPPL-20;DASATINIB;BRISTOL MYERS SQUIBB;Efficacy;Approval
11/09/2017;NULOJIXBLA   ;125288;SUPPL-74;BELATACEPT;BRISTOL MYERS SQUIBB;;Approval
11/09/2017;ADCETRISBLA   ;125388;SUPPL-94;BRENTUXIMAB VEDOTIN;SEATTLE GENETICS;;Approval
11/09/2017;MOXIFLOXACIN HYDROCHLORIDEANDA  ;202916;ORIG-1;MOXIFLOXACIN HYDROCHLORIDE;AKORN;;Approval
11/09/2017;DACTINOMYCINANDA  ;203385;ORIG-1;DACTINOMYCIN;MYLAN LABS LTD;;Approval
11/09/2017;VRAYLARNDA   ;204370;SUPPL-2;CARIPRAZINE HYDROCHLORIDE;FOREST RES INST INC;Efficacy;Approval
11/09/2017;VRAYLARNDA   ;204370;SUPPL-3;CARIPRAZINE HYDROCHLORIDE;FOREST RES INST INC;Labeling;Approval
11/09/2017;SOVALDINDA   ;204671;SUPPL-12;SOFOSBUVIR;GILEAD SCIENCES INC;Labeling;Approval
11/09/2017;OLYSIONDA   ;205123;SUPPL-14;SIMEPREVIR SODIUM;JANSSEN PRODS;Labeling;Approval
11/09/2017;HARVONINDA   ;205834;SUPPL-24;"LEDIPASVIR; SOFOSBUVIR";GILEAD SCIENCES INC;Labeling;Approval
11/09/2017;BETAMETHASONE DIPROPIONATEANDA  ;206118;ORIG-1;BETAMETHASONE DIPROPIONATE;TELIGENT PHARMA INC;;Approval
11/09/2017;CYTARABINEANDA  ;206190;ORIG-1;CYTARABINE;SAGENT PHARMS;;Approval
11/09/2017;VIEKIRA PAK (COPACKAGED)NDA   ;206619;SUPPL-17;"DASABUVIR SODIUM ; OMBITASVIR; PARITAPREVIR; RITONAVIR";ABBVIE INC;Labeling;Approval
11/09/2017;DAKLINZANDA   ;206843;SUPPL-7;DACLATASVIR DIHYDROCHLORIDE;BRISTOL-MYERS SQUIBB;Labeling;Approval
11/09/2017;TECHNIVIENDA   ;207931;SUPPL-11;"OMBITASVIR; PARITAPREVIR; RITONAVIR";ABBVIE INC;Labeling;Approval
11/09/2017;CHILDREN'S FEXOFENADINE HYDROCHLORIDE ALLERGYANDA  ;208123;ORIG-1;FEXOFENADINE HYDROCHLORIDE;TARO PHARM;;Approval
11/09/2017;CHILDREN'S FEXOFENADINE HYDROCHLORIDE HIVESANDA  ;208123;ORIG-1;FEXOFENADINE HYDROCHLORIDE;TARO PHARM;;Approval
11/09/2017;ZEPATIERNDA   ;208261;SUPPL-3;"ELBASVIR; GRAZOPREVIR";MERCK SHARP DOHME;Labeling;Approval
11/09/2017;EPCLUSANDA   ;208341;SUPPL-9;"SOFOSBUVIR; VELPATASVIR";GILEAD SCIENCES INC;Labeling;Approval
11/09/2017;VIEKIRA XRNDA   ;208624;SUPPL-5;"DASABUVIR SODIUM; OMBITASVIR; PARITAPREVIR; RITONAVIR";ABBVIE INC;Labeling;Approval
11/09/2017;OXYCODONE HYDROCHLORIDEANDA  ;209021;ORIG-1;OXYCODONE HYDROCHLORIDE;ASCENT PHARMS INC;;Approval
11/09/2017;VOSEVINDA   ;209195;SUPPL-2;"SOFOSBUVIR; VELPATASVIR; VOXILAPREVIR";GILEAD SCIENCES INC;Labeling;Approval
11/09/2017;Cinvanti (aprepitant) injectable emulsionNDA   ;209296;ORIG-1;APREPITANT;HERON THERAPS INC;Type 3 - New Dosage Form;Approval
11/12/2017;TOVIAZNDA   ;22030;SUPPL-14;FESOTERODINE FUMARATE;PFIZER;Labeling;Approval
11/13/2017;OMEPRAZOLENDA   ;22032;SUPPL-38;OMEPRAZOLE;DEXCEL PHARMA;Labeling;Approval
11/13/2017;SIMPONIBLA   ;125289;SUPPL-137;GOLIMUMAB;CENTOCOR ORTHO BIOTECH INC;;Approval
11/13/2017;PENTOBARBITAL SODIUMANDA  ;203619;ORIG-1;PENTOBARBITAL SODIUM;CUSTOPHARM INC;;Approval
11/13/2017;MYCOPHENOLATE MOFETILANDA  ;204077;ORIG-1;MYCOPHENOLATE MOFETIL;ZHEJIANG HISUN PHARM;;Approval
11/13/2017;ACYCLOVIRANDA  ;205591;ORIG-1;ACYCLOVIR;G AND W LABS INC;;Approval
11/13/2017;SIMVASTATINANDA  ;206557;ORIG-1;SIMVASTATIN;HISUN PHARM HANGZHOU;;Approval
11/13/2017;ABILIFY MYCITENDA   ;207202;ORIG-1;ARIPIPRAZOLE;OTSUKA PHARM CO LTD;Type 4 - New Combination;Approval
11/13/2017;RANITIDINE HYDROCHLORIDEANDA  ;207578;ORIG-1;RANITIDINE HYDROCHLORIDE;AUROBINDO PHARMA LTD;;Approval
11/13/2017;RANITIDINE HYDROCHLORIDEANDA  ;207579;ORIG-1;RANITIDINE HYDROCHLORIDE;AUROBINDO PHARMA LTD;;Approval
11/14/2017;FASLODEXNDA   ;21344;SUPPL-35;FULVESTRANT;ASTRAZENECA;Efficacy;Approval
11/14/2017;TEKTURNANDA   ;21985;SUPPL-34;ALISKIREN HEMIFUMARATE;NODEN PHARMA;Labeling;Approval
11/14/2017;OXALIPLATINANDA  ;91358;ORIG-2;OXALIPLATIN;MYLAN LABS LTD;;Approval
11/14/2017;TEKTURNANDA   ;210709;ORIG-1;ALISKIREN;NODEN PHARMA;Type 3 - New Dosage Form;Approval
11/14/2017;FASENRABLA   ;761070;ORIG-1;BENRALIZUMAB;ASTRAZENECA AB;;Approval
11/15/2017;KETOCONAZOLEANDA  ;74971;SUPPL-2;KETOCONAZOLE;TEVA;Labeling;Approval
11/15/2017;KETOCONAZOLEANDA  ;75273;SUPPL-16;KETOCONAZOLE;TEVA;Labeling;Approval
11/15/2017;KETOCONAZOLEANDA  ;75319;SUPPL-11;KETOCONAZOLE;TARO;Labeling;Approval
11/15/2017;KETOCONAZOLEANDA  ;75362;SUPPL-11;KETOCONAZOLE;PLIVA;Labeling;Approval
11/15/2017;KETOCONAZOLEANDA  ;75597;SUPPL-10;KETOCONAZOLE;MYLAN;Labeling;Approval
11/15/2017;KETOCONAZOLEANDA  ;75912;SUPPL-10;KETOCONAZOLE;APOTEX;Labeling;Approval
11/15/2017;ACTICLATENDA   ;205931;SUPPL-3;DOXYCYCLINE HYCLATE;AQUA PHARMS LLC;Labeling;Approval
11/15/2017;DARUNAVIRANDA  ;206555;ORIG-1;DARUNAVIR;TEVA PHARMS;;Tentative Approval
11/15/2017;"BUPRENORPHINE; NALOXONEANDA  ";207087;ORIG-1;"BUPRENORPHINE;NALOXONE";ACTAVIS LABS UT INC;;Tentative Approval
11/15/2017;LANSOPRAZOLENDA   ;208025;SUPPL-5;LANSOPRAZOLE;DEXCEL PHARMA;Labeling;Approval
11/15/2017;ACTICLATE CAPNDA   ;208253;SUPPL-1;DOXYCYCLINE HYCLATE;AQUA PHARMS;Labeling;Approval
11/15/2017;MEPSEVIIBLA   ;761047;ORIG-1;VESTRONIDASE ALFA-VJBK;ULTRAGENYX PHARM INC;;Approval
11/16/2017;TRAVASOL 10% IN PLASTIC CONTAINERNDA   ;18931;SUPPL-49;AMINO ACIDS;BAXTER HLTHCARE;Labeling;Approval
11/16/2017;TRAVASOL 5.5% IN PLASTIC CONTAINERNDA   ;18931;SUPPL-49;AMINO ACIDS;BAXTER HLTHCARE;Labeling;Approval
11/16/2017;TRAVASOL 8.5% IN PLASTIC CONTAINERNDA   ;18931;SUPPL-49;AMINO ACIDS;BAXTER HLTHCARE;Labeling;Approval
11/16/2017;XYREMNDA   ;21196;SUPPL-28;SODIUM OXYBATE;JAZZ PHARMS;Labeling;Approval
11/16/2017;SUTENTNDA   ;21938;SUPPL-33;SUNITINIB MALATE;CPPI CV;Efficacy;Approval
11/16/2017;CARBAGLUNDA   ;22562;SUPPL-5;CARGLUMIC ACID;ORPHAN EUROPE;Labeling;Approval
11/16/2017;CLEOCINNDA   ;50537;SUPPL-39;CLINDAMYCIN PHOSPHATE;PHARMACIA AND UPJOHN;Labeling;Approval
11/16/2017;CLEOCIN TNDA   ;50537;SUPPL-39;CLINDAMYCIN PHOSPHATE;PHARMACIA AND UPJOHN;Labeling;Approval
11/16/2017;CLEOCIN TNDA   ;50600;SUPPL-16;CLINDAMYCIN PHOSPHATE;PHARMACIA AND UPJOHN;Labeling;Approval
11/16/2017;CLEOCIN TNDA   ;50615;SUPPL-16;CLINDAMYCIN PHOSPHATE;PHARMACIA AND UPJOHN;Labeling;Approval
11/16/2017;GAZYVABLA   ;125486;SUPPL-17;OBINUTUZUMAB;GENENTECH;;Approval
11/16/2017;GAZYVABLA   ;125486;SUPPL-18;OBINUTUZUMAB;GENENTECH;;Approval
11/16/2017;MINOCYCLINE HYDROCHLORIDEANDA  ;203553;ORIG-1;MINOCYCLINE HYDROCHLORIDE;ZYDUS PHARMS USA INC;;Approval
11/16/2017;MYCOPHENOLATE MOFETILANDA  ;204076;ORIG-1;MYCOPHENOLATE MOFETIL;ZHEJIANG HISUN PHARM;;Approval
11/16/2017;BUTENAFINE HYDROCHLORIDEANDA  ;205181;ORIG-1;BUTENAFINE HYDROCHLORIDE;TARO;;Approval
11/16/2017;GUANFACINE HYDROCHLORIDEANDA  ;205689;ORIG-1;GUANFACINE HYDROCHLORIDE;SUN PHARM INDS LTD;;Approval
11/16/2017;BUDESONIDEANDA  ;205710;ORIG-1;BUDESONIDE;CIPLA LTD;;Approval
11/16/2017;FENOFIBRATE (MICRONIZED)ANDA  ;207805;ORIG-1;FENOFIBRATE;CNTY LINE PHARMS;;Approval
11/16/2017;DECITABINEANDA  ;208601;ORIG-1;DECITABINE;CIPLA LTD;;Approval
11/16/2017;CABOMETYXNDA   ;208692;SUPPL-1;CABOZANTINIB S-MALATE;EXELIXIS INC;Labeling;Approval
11/16/2017;FLUOXETINE HYDROCHLORIDEANDA  ;209419;ORIG-1;FLUOXETINE HYDROCHLORIDE;PAR PHARM INC;;Approval
11/16/2017;HEMLIBRABLA   ;761083;ORIG-1;EMICIZUMAB;GENENTECH INC;;Approval
11/17/2017;TRILEPTALNDA   ;21014;SUPPL-41;OXCARBAZEPINE;NOVARTIS;Labeling;Approval
11/17/2017;AEROSPAN HFANDA   ;21247;SUPPL-16;FLUNISOLIDE;MYLAN SPECIALITY LP;Labeling;Approval
11/17/2017;TRILEPTALNDA   ;21285;SUPPL-34;OXCARBAZEPINE;NOVARTIS;Labeling;Approval
11/17/2017;VERAPAMIL HYDROCHLORIDEANDA  ;71880;SUPPL-12;VERAPAMIL HYDROCHLORIDE;HERITAGE PHARMS INC;Labeling;Approval
11/17/2017;VERAPAMIL HYDROCHLORIDEANDA  ;71880;SUPPL-13;VERAPAMIL HYDROCHLORIDE;HERITAGE PHARMS INC;Labeling;Approval
11/17/2017;VERAPAMIL HYDROCHLORIDEANDA  ;71881;SUPPL-12;VERAPAMIL HYDROCHLORIDE;HERITAGE PHARMS INC;Labeling;Approval
11/17/2017;VERAPAMIL HYDROCHLORIDEANDA  ;71881;SUPPL-14;VERAPAMIL HYDROCHLORIDE;HERITAGE PHARMS INC;Labeling;Approval
11/17/2017;PROMETHAZINE HYDROCHLORIDE AND CODEINE PHOSPHATEANDA  ;88875;SUPPL-38;"CODEINE PHOSPHATE; PROMETHAZINE HYDROCHLORIDE";WOCKHARDT;Labeling;Approval
11/17/2017;GEMIFLOXACIN MESYLATEANDA  ;90466;SUPPL-1;GEMIFLOXACIN MESYLATE;ORCHID HLTHCARE;Labeling;Approval
11/17/2017;GEMIFLOXACIN MESYLATEANDA  ;90466;SUPPL-2;GEMIFLOXACIN MESYLATE;ORCHID HLTHCARE;Labeling;Approval
11/17/2017;CLOBETASOL PROPIONATEANDA  ;90898;SUPPL-1;CLOBETASOL PROPIONATE;PADDOCK LLC;Labeling;Approval
11/17/2017;CLOBETASOL PROPIONATEANDA  ;90898;SUPPL-3;CLOBETASOL PROPIONATE;PADDOCK LLC;Manufacturing (CMC);Approval
11/17/2017;AUVI-QNDA   ;201739;SUPPL-8;EPINEPHRINE;KALEO INC;Efficacy;Approval
11/17/2017;AUVI-QNDA   ;201739;SUPPL-9;EPINEPHRINE;KALEO INC;Labeling;Approval
11/17/2017;CLOZAPINEANDA  ;201824;SUPPL-7;CLOZAPINE;MYLAN PHARMS INC;Labeling;Approval
11/17/2017;GANCICLOVIRANDA  ;204560;ORIG-1;GANCICLOVIR SODIUM;MYLAN LABS LTD;;Approval
11/17/2017;NORETHINDRONE ACETATE AND ETHINYL ESTRADIOL AND FERROUS FUMARATEANDA  ;204847;ORIG-1;"ETHINYL ESTRADIOL; NORETHINDRONE ACETATE";GLENMARK PHARMS LTD;;Approval
11/17/2017;CEFIXIMEANDA  ;206144;ORIG-1;CEFIXIME;SANDOZ INC;;Approval
11/17/2017;FENTANYL CITRATEANDA  ;207338;ORIG-1;FENTANYL CITRATE;ACTAVIS LABS FL INC;;Approval
11/17/2017;ETHACRYNATE SODIUMANDA  ;207758;ORIG-1;ETHACRYNATE SODIUM;ZYDUS PHARMS USA INC;;Approval
11/17/2017;TICAGRELORANDA  ;208531;ORIG-1;TICAGRELOR;AMNEAL PHARMS CO;;Tentative Approval
11/20/2017;DYNA-HEXNDA   ;20111;SUPPL-9;CHLORHEXIDINE GLUCONATE;BAJAJ MEDICAL LLC;Labeling;Approval
11/20/2017;ETOPOSIDEANDA  ;203507;ORIG-1;ETOPOSIDE;MYLAN LABS LTD;;Approval
11/20/2017;ASPIRINNDA   ;203697;SUPPL-2;ASPIRIN;PLX PHARMA;Labeling;Approval
11/20/2017;ZYKADIANDA   ;205755;SUPPL-11;CERITINIB;NOVARTIS PHARMS CORP;Labeling;Approval
11/20/2017;ERYTHROMYCINANDA  ;208100;ORIG-1;ERYTHROMYCIN;TELIGENT PHARMA INC;;Approval
11/20/2017;CHOLINE C-11ANDA  ;208444;ORIG-1;CHOLINE C-11;UCSF RODIOPHARM;;Approval
11/20/2017;"EMTRICITABINE;RILPIVIRINE;TENOFOVIR DISOPROXIL FUMARATEANDA  ";208452;ORIG-1;"EMTRICITABINE;RILPIVIRINE;TENOFOVIR DISOPROXIL FUMARATE";MYLAN PHARMS INC;;Tentative Approval
11/20/2017;MYLERANANDA  ;208536;ORIG-1;BUSULFAN;ASPEN GLOBAL INC;;Approval
11/20/2017;DEXMETHYLPHENIDATE HYDROCHLORIDEANDA  ;208756;ORIG-1;DEXMETHYLPHENIDATE HYDROCHLORIDE;RHODES PHARMS;;Approval
11/20/2017;CLONIDINE HYDROCHLORIDEANDA  ;209686;ORIG-1;CLONIDINE HYDROCHLORIDE;AJANTA PHARMA LTD;;Approval
11/20/2017;FLUOXETINE HYDROCHLORIDEANDA  ;209695;ORIG-1;FLUOXETINE HYDROCHLORIDE;INVENTIA HLTHCARE;;Approval
11/20/2017;ACETAZOLAMIDEANDA  ;209734;ORIG-1;ACETAZOLAMIDE;STRIDES PHARMA;;Approval
11/20/2017;CLONIDINE HYDROCHLORIDEANDA  ;209757;ORIG-1;CLONIDINE HYDROCHLORIDE;XIAMEN LP PHARM CO;;Approval
11/20/2017;CLONIDINE HYDROCHLORIDEANDA  ;210052;ORIG-1;CLONIDINE HYDROCHLORIDE;AMNEAL PHARMS NY;;Approval
11/21/2017;CYKLOKAPRONNDA   ;19281;SUPPL-41;TRANEXAMIC ACID;PHARMACIA AND UPJOHN;Labeling;Approval
11/21/2017;PLIAGLISNDA   ;21717;SUPPL-9;"LIDOCAINE; TETRACAINE";TARO PHARMS;Labeling;Approval
11/21/2017;NOVOLOG MIX 50/50NDA   ;21810;SUPPL-1;"INSULIN ASPART PROTAMINE RECOMBINANT; INSULIN ASPART RECOMBINANT";NOVO NORDISK INC;Labeling;Approval
11/21/2017;ABACAVIR SULFATEANDA  ;78119;ORIG-1;ABACAVIR SULFATE;CIPLA LTD;;Approval
11/21/2017;TADALAFILANDA  ;90141;ORIG-1;TADALAFIL;TEVA PHARMS USA INC;;Tentative Approval
11/21/2017;DARUNAVIR ETHANOLATEANDA  ;202118;ORIG-1;DARUNAVIR ETHANOLATE;TEVA PHARMS USA;;Approval
11/21/2017;DOCETAXELNDA   ;202356;SUPPL-2;DOCETAXEL;PFIZER LABS;Labeling;Approval
11/21/2017;PROCYSBINDA   ;203389;SUPPL-18;CYSTEAMINE BITARTRATE;HORIZON PHARMA USA;Labeling;Approval
11/21/2017;TIVICAYNDA   ;204790;SUPPL-14;DOLUTEGRAVIR SODIUM;VIIV HLTHCARE;Efficacy;Approval
11/21/2017;TADALAFILANDA  ;204809;ORIG-1;TADALAFIL;ALEMBIC PHARMS LTD;;Tentative Approval
11/21/2017;TRIUMEQNDA   ;205551;SUPPL-11;"ABACAVIR SULFATE; DOLUTEGRAVIR SODIUM; LAMIVUDINE";VIIV HLTHCARE;Efficacy;Approval
11/21/2017;TADALAFILANDA  ;205885;ORIG-1;TADALAFIL;WATSON LABS INC;;Tentative Approval
11/21/2017;HAILEY FE 1/20ANDA  ;206597;ORIG-1;"ETHINYL ESTRADIOL; NORETHINDRONE ACETATE";GLENMARK PHARMS LTD;;Approval
11/21/2017;PALONOSETRONNDA   ;208109;ORIG-1;PALONOSETRON HYDROCHLORIDE;FRESENIUS KABI USA;Type 5 - New Formulation or New Manufacturer;Approval
11/21/2017;EZETIMIBE AND SIMVASTATINANDA  ;208831;ORIG-1;"EZETIMIBE; SIMVASTATIN";AMNEAL PHARMS CO;;Approval
11/21/2017;SPINRAZANDA   ;209531;SUPPL-2;NUSINERSEN SODIUM;BIOGEN IDEC;Labeling;Approval
11/21/2017;HYDROCORTISONE BUTYRATEANDA  ;209556;ORIG-1;HYDROCORTISONE BUTYRATE;TELIGENT PHARMA INC;;Approval
11/21/2017;DUTASTERIDEANDA  ;209909;ORIG-1;DUTASTERIDE;HUMANWELL PURACAP;;Approval
11/21/2017;JULUCANDA   ;210192;ORIG-1;"DOLUTEGRAVIR;RILPIVIRINE";VIIV HLTHCARE;Type 4 - New Combination;Approval
11/22/2017;IMURANNDA   ;16324;SUPPL-38;AZATHIOPRINE;SEBELA IRELAND LTD;Manufacturing (CMC);Approval
11/22/2017;ISENTRESSNDA   ;22145;SUPPL-37;RALTEGRAVIR POTASSIUM;MERCK SHARP DOHME;Efficacy;Approval
11/22/2017;ISENTRESS HDNDA   ;22145;SUPPL-37;RALTEGRAVIR POTASSIUM;MERCK SHARP DOHME;Efficacy;Approval
11/22/2017;ENBRELBLA   ;103795;SUPPL-5559;ETANERCEPT;IMMUNEX;;Approval
11/22/2017;FLOXURIDINEANDA  ;203008;ORIG-1;FLOXURIDINE;PHARMAFORCE;;Approval
11/22/2017;ISENTRESSNDA   ;203045;SUPPL-14;RALTEGRAVIR POTASSIUM;MERCK SHARP DOHME;Efficacy;Approval
11/22/2017;ISENTRESSNDA   ;205786;SUPPL-6;RALTEGRAVIR POTASSIUM;MERCK SHARP DOHME;Efficacy;Approval
11/22/2017;BIVALIRUDINANDA  ;206551;ORIG-1;BIVALIRUDIN;ACCORD HLTHCARE;;Approval
11/22/2017;GENVOYANDA   ;207561;SUPPL-13;"COBICISTAT; ELVITEGRAVIR; EMTRICITABINE; TENOFOVIR ALAFENAMIDE FUMARATE";GILEAD SCIENCES INC;Efficacy;Approval
11/22/2017;ENTRESTONDA   ;207620;SUPPL-8;"SACUBITRIL; VALSARTAN";NOVARTIS PHARMS CORP;Labeling;Approval
11/22/2017;ROSUVASTATIN CALCIUMANDA  ;208898;ORIG-1;ROSUVASTATIN CALCIUM;MSN LABS PVT LTD;;Approval
11/24/2017;METHOCARBAMOLANDA  ;206071;ORIG-1;METHOCARBAMOL;NAVINTA LLC;;Approval
11/24/2017;TOPOTECAN HYDROCHLORIDEANDA  ;206074;ORIG-1;TOPOTECAN HYDROCHLORIDE;MYLAN LABS LTD;;Approval
11/24/2017;OXACILLIN SODIUMANDA  ;207148;ORIG-1;OXACILLIN SODIUM;WOCKHARDT BIO AG;;Approval
11/24/2017;TOPIRAMATEANDA  ;207382;ORIG-1;TOPIRAMATE;ZYDUS PHARMS USA INC;;Approval
11/24/2017;STERILE WATER FOR INJECTIONANDA  ;209689;ORIG-1;STERILE WATER FOR INJECTION;FRESENIUS KABI USA;;Approval
11/27/2017;INTUNIVNDA   ;22037;SUPPL-14;GUANFACINE HYDROCHLORIDE;SHIRE;Labeling;Approval
11/27/2017;PENICILLIN G POTASSIUM IN PLASTIC CONTAINERNDA   ;50638;SUPPL-20;PENICILLIN G POTASSIUM;BAXTER HLTHCARE;Labeling;Approval
11/27/2017;ADENOSINEANDA  ;77897;ORIG-1;ADENOSINE;FRESENIUS KABI USA;;Approval
11/27/2017;CAPREOMYCIN SULFATEANDA  ;202634;ORIG-1;CAPREOMYCIN SULFATE;MYLAN LABS LTD;;Approval
11/27/2017;CANDESARTAN CILEXETIL AND HYDROCHLOROTHIAZIDEANDA  ;203466;ORIG-1;"CANDESARTAN CILEXETIL; HYDROCHLOROTHIAZIDE";ZYDUS PHARMS USA INC;;Approval
11/27/2017;TADALAFILANDA  ;206285;ORIG-1;TADALAFIL;AUROBINDO PHARMA LTD;;Tentative Approval
11/27/2017;TADALAFILANDA  ;206286;ORIG-1;TADALAFIL;AUROBINDO PHARMA LTD;;Tentative Approval
11/27/2017;PENTOBARBITAL SODIUMANDA  ;206677;ORIG-1;PENTOBARBITAL SODIUM;RENAISSANCE SSA LLC;;Approval
11/27/2017;CAPECITABINEANDA  ;207652;ORIG-1;CAPECITABINE;ALKEM LABS LTD;;Approval
11/27/2017;PRAZIQUANTELANDA  ;208820;ORIG-1;PRAZIQUANTEL;PAR PHARM INC;;Approval
11/28/2017;RETROVIRNDA   ;19655;SUPPL-57;ZIDOVUDINE;VIIV HLTHCARE;Labeling;Approval
11/28/2017;RETROVIRNDA   ;19910;SUPPL-44;ZIDOVUDINE;VIIV HLTHCARE;Labeling;Approval
11/28/2017;RETROVIRNDA   ;19951;SUPPL-35;ZIDOVUDINE;VIIV HLTHCARE;Labeling;Approval
11/28/2017;VENOFERNDA   ;21135;SUPPL-32;IRON SUCROSE;LUITPOLD;Labeling;Approval
11/28/2017;PREVACID 24 HRNDA   ;22327;SUPPL-26;LANSOPRAZOLE;GLAXOSMITHKLINE CONS;Labeling;Approval
11/28/2017;BENAZEPRIL HYDROCHLORIDEANDA  ;76211;SUPPL-22;BENAZEPRIL HYDROCHLORIDE;TEVA;Labeling;Approval
11/28/2017;BENAZEPRIL HYDROCHLORIDEANDA  ;76333;SUPPL-11;BENAZEPRIL HYDROCHLORIDE;IVAX SUB TEVA PHARMS;Labeling;Approval
11/28/2017;BENAZEPRIL HYDROCHLORIDEANDA  ;76430;SUPPL-11;BENAZEPRIL HYDROCHLORIDE;MYLAN;Labeling;Approval
11/28/2017;MEDROXYPROGESTERONE ACETATEANDA  ;77235;ORIG-1;MEDROXYPROGESTERONE ACETATE;AMPHASTAR PHARMS INC;;Approval
11/28/2017;MEDROXYPROGESTERONE ACETATEANDA  ;77334;ORIG-1;MEDROXYPROGESTERONE ACETATE;AMPHASTAR PHARMS INC;;Approval
11/28/2017;ZYFRELANDA  ;90468;SUPPL-3;"ACETAMINOPHEN; HYDROCODONE BITARTRATE";CYPRESS PHARM INC;Labeling;Approval
11/28/2017;DEXMEDETOMIDINE HYDROCHLORIDEANDA  ;205272;ORIG-1;DEXMEDETOMIDINE HYDROCHLORIDE;TEVA PHARMS USA;;Approval
11/28/2017;SEVELAMER CARBONATEANDA  ;207288;ORIG-1;SEVELAMER CARBONATE;AMNEAL PHARMS CO;;Approval
11/28/2017;ELTROMBOPAGANDA  ;208815;ORIG-1;ELTROMBOPAG;ACTAVIS LABS FL INC;;Tentative Approval
11/28/2017;BACLOFENANDA  ;209102;ORIG-1;BACLOFEN;RUBICON RES PVT LTD;;Approval
11/28/2017;IMPOYZNDA   ;209483;ORIG-1;CLOBETASOL PROPIONATE;PROMIUS PHARMA LLC;Type 5 - New Formulation or New Manufacturer;Approval
11/28/2017;TENOFOVIR DISOPROXIL FUMARATEANDA  ;209550;ORIG-1;TENOFOVIR DISOPROXIL FUMARATE;PHARMAQ INC;;Tentative Approval
11/28/2017;CLENPIQNDA   ;209589;ORIG-1;"SODIUM PICOSULFATE;MAGNESIUM OXIDE;ANHYDROUS CITRIC ACID";FERRING PHARMS INC;Type 3 - New Dosage Form;Approval
11/29/2017;PREVPACNDA   ;50757;SUPPL-21;"AMOXICILLIN; CLARITHROMYCIN; LANSOPRAZOLE";TAKEDA PHARMS USA;Labeling;Approval
11/29/2017;KEYTRUDABLA   ;125514;SUPPL-31;PEMBROLIZUMAB;MERCK SHARP DOHME;;Approval
11/29/2017;ELIQUISNDA   ;202155;SUPPL-17;APIXABAN;BRISTOL MYERS SQUIBB;Labeling;Approval
11/29/2017;SODIUM CHLORIDE 0.9%NDA   ;202832;SUPPL-2;SODIUM CHLORIDE;MEDEFIL INC;Labeling;Approval
11/29/2017;SODIUM CHLORIDE 0.9% IN PLASTIC CONTAINERNDA   ;202832;SUPPL-2;SODIUM CHLORIDE;MEDEFIL INC;Labeling;Approval
11/29/2017;QUETIAPINE FUMARATEANDA  ;204253;ORIG-1;QUETIAPINE FUMARATE;MACLEODS PHARMS LTD;;Approval
11/29/2017;ZYDELIGNDA   ;205858;SUPPL-7;IDELALISIB;GILEAD SCIENCES INC;Labeling;Approval
11/29/2017;QUETIAPINE FUMARATEANDA  ;206252;ORIG-1;QUETIAPINE FUMARATE;ACCORD HLTHCARE;;Approval
11/29/2017;PREGABALINANDA  ;206752;ORIG-1;PREGABALIN;ZYDUS PHARMS USA INC;;Tentative Approval
11/29/2017;QUETIAPINE FUMARATEANDA  ;207655;ORIG-1;QUETIAPINE FUMARATE;AUROBINDO PHARMA LTD;;Approval
11/29/2017;QUETIAPINE FUMARATEANDA  ;208947;ORIG-1;QUETIAPINE FUMARATE;NOVAST LABS LTD;;Approval
11/29/2017;EPINEPHRINEANDA  ;209359;ORIG-1;EPINEPHRINE;HOSPIRA INC;Type 3 - New Dosage Form;Tentative Approval
11/29/2017;QUETIAPINE FUMARATEANDA  ;209635;ORIG-1;QUETIAPINE FUMARATE;SCIEGEN PHARMS INC;;Approval
11/30/2017;THALOMIDNDA   ;20785;SUPPL-64;THALIDOMIDE;CELGENE;Labeling;Approval
11/30/2017;BYSTOLICNDA   ;21742;SUPPL-22;NEBIVOLOL HYDROCHLORIDE;FOREST LABS;Labeling;Approval
11/30/2017;REVLIMIDNDA   ;21880;SUPPL-52;LENALIDOMIDE;CELGENE;Labeling;Approval
11/30/2017;REVLIMIDNDA   ;21880;SUPPL-53;LENALIDOMIDE;CELGENE;Labeling;Approval
11/30/2017;PERFOROMISTNDA   ;22007;SUPPL-12;FORMOTEROL FUMARATE;MYLAN SPECLT;Labeling;Approval
11/30/2017;ZYPREXA RELPREVVNDA   ;22173;SUPPL-27;OLANZAPINE PAMOATE;ELI LILLY CO;REMS;Approval
11/30/2017;BLINCYTOBLA   ;125557;SUPPL-12;BLINATUMOMAB;AMGEN;;Approval
11/30/2017;TREPROSTINILANDA  ;203649;ORIG-1;TREPROSTINIL;SANDOZ INC;;Approval
11/30/2017;RANITIDINE HYDROCHLORIDEANDA  ;203694;ORIG-1;RANITIDINE HYDROCHLORIDE;ACIC PHARMS;;Approval
11/30/2017;HEPARIN SODIUMANDA  ;203851;ORIG-1;HEPARIN SODIUM;MYLAN LABS LTD;;Approval
11/30/2017;HEPARIN SODIUMANDA  ;203852;ORIG-1;HEPARIN SODIUM;MYLAN LABS LTD;;Approval
11/30/2017;POMALYSTNDA   ;204026;SUPPL-18;POMALIDOMIDE;CELGENE;Labeling;Approval
11/30/2017;TACROLIMUSANDA  ;206651;ORIG-1;TACROLIMUS;BELCHER PHARMS LLC;;Approval
11/30/2017;LANSOPRAZOLENDA   ;208025;SUPPL-6;LANSOPRAZOLE;DEXCEL PHARMA;Manufacturing (CMC);Approval
11/30/2017;LANSOPRAZOLENDA   ;208025;SUPPL-7;LANSOPRAZOLE;DEXCEL PHARMA;Labeling;Approval
11/30/2017;SUBLOCADENDA   ;209819;ORIG-1;BUPRENORPHINE;INDIVIOR INC;Type 3 - New Dosage Form;Approval
